Season,Home_Team,Away_Team,Home_Goals,Away_Goals,Outcome
2024-25,Abia Warriors,Akwa United,2,0,Home Win
2024-25,Abia Warriors,Bayelsa United,1,0,Home Win
2024-25,Abia Warriors,Bendel Insurance,1,0,Home Win
2024-25,Abia Warriors,El-Kanemi Warriors,2,1,Home Win
2024-25,Abia Warriors,Enugu Rangers,1,0,Home Win
2024-25,Abia Warriors,Enyimba,1,1,Draw
2024-25,Abia Warriors,Heartland,0,2,Away Win
2024-25,Abia Warriors,Ikorodu City,2,0,Home Win
2024-25,Abia Warriors,Kano Pillars,2,0,Home Win
2024-25,Abia Warriors,Katsina United,2,0,Home Win
2024-25,Abia Warriors,Kwara United,1,0,Home Win
2024-25,Abia Warriors,Lobi Stars,2,0,Home Win
2024-25,Abia Warriors,Nasarawa United,1,1,Draw
2024-25,Abia Warriors,Niger Tornadoes,2,1,Home Win
2024-25,Abia Warriors,Plateau United,3,1,Home Win
2024-25,Abia Warriors,Remo Stars,0,2,Away Win
2024-25,Abia Warriors,Rivers United,2,0,Home Win
2024-25,Abia Warriors,Shooting Stars,3,1,Home Win
2024-25,Abia Warriors,Sunshine Stars,3,0,Home Win
2024-25,Akwa United,Abia Warriors,1,1,Draw
2024-25,Akwa United,Bayelsa United,2,0,Home Win
2024-25,Akwa United,Bendel Insurance,1,1,Draw
2024-25,Akwa United,El-Kanemi Warriors,1,1,Draw
2024-25,Akwa United,Enugu Rangers,0,0,Draw
2024-25,Akwa United,Enyimba,2,1,Home Win
2024-25,Akwa United,Heartland,2,0,Home Win
2024-25,Akwa United,Ikorodu City,2,1,Home Win
2024-25,Akwa United,Kano Pillars,2,0,Home Win
2024-25,Akwa United,Katsina United,1,0,Home Win
2024-25,Akwa United,Kwara United,2,1,Home Win
2024-25,Akwa United,Lobi Stars,1,1,Draw
2024-25,Akwa United,Nasarawa United,1,0,Home Win
2024-25,Akwa United,Niger Tornadoes,2,0,Home Win
2024-25,Akwa United,Plateau United,1,0,Home Win
2024-25,Akwa United,Remo Stars,1,2,Away Win
2024-25,Akwa United,Rivers United,1,1,Draw
2024-25,Akwa United,Shooting Stars,2,0,Home Win
2024-25,Akwa United,Sunshine Stars,1,2,Away Win
2024-25,Bayelsa United,Abia Warriors,0,1,Away Win
2024-25,Bayelsa United,Akwa United,2,1,Home Win
2024-25,Bayelsa United,Bendel Insurance,2,1,Home Win
2024-25,Bayelsa United,El-Kanemi Warriors,2,1,Home Win
2024-25,Bayelsa United,Enugu Rangers,0,0,Draw
2024-25,Bayelsa United,Enyimba,1,1,Draw
2024-25,Bayelsa United,Heartland,1,0,Home Win
2024-25,Bayelsa United,Ikorodu City,1,0,Home Win
2024-25,Bayelsa United,Kano Pillars,1,1,Draw
2024-25,Bayelsa United,Katsina United,1,1,Draw
2024-25,Bayelsa United,Kwara United,1,1,Draw
2024-25,Bayelsa United,Lobi Stars,1,0,Home Win
2024-25,Bayelsa United,Nasarawa United,2,2,Draw
2024-25,Bayelsa United,Niger Tornadoes,4,1,Home Win
2024-25,Bayelsa United,Plateau United,1,0,Home Win
2024-25,Bayelsa United,Remo Stars,3,0,Home Win
2024-25,Bayelsa United,Rivers United,1,0,Home Win
2024-25,Bayelsa United,Shooting Stars,3,0,Home Win
2024-25,Bayelsa United,Sunshine Stars,4,1,Home Win
2024-25,Bendel Insurance,Abia Warriors,0,1,Away Win
2024-25,Bendel Insurance,Akwa United,1,0,Home Win
2024-25,Bendel Insurance,Bayelsa United,3,0,Home Win
2024-25,Bendel Insurance,El-Kanemi Warriors,1,1,Draw
2024-25,Bendel Insurance,Enugu Rangers,0,0,Draw
2024-25,Bendel Insurance,Enyimba,1,0,Home Win
2024-25,Bendel Insurance,Heartland,1,0,Home Win
2024-25,Bendel Insurance,Ikorodu City,2,1,Home Win
2024-25,Bendel Insurance,Kano Pillars,0,1,Away Win
2024-25,Bendel Insurance,Katsina United,1,0,Home Win
2024-25,Bendel Insurance,Kwara United,3,1,Home Win
2024-25,Bendel Insurance,Lobi Stars,1,0,Home Win
2024-25,Bendel Insurance,Nasarawa United,1,1,Draw
2024-25,Bendel Insurance,Niger Tornadoes,3,0,Home Win
2024-25,Bendel Insurance,Plateau United,2,1,Home Win
2024-25,Bendel Insurance,Remo Stars,2,1,Home Win
2024-25,Bendel Insurance,Rivers United,0,0,Draw
2024-25,Bendel Insurance,Shooting Stars,1,0,Home Win
2024-25,Bendel Insurance,Sunshine Stars,1,0,Home Win
2024-25,El-Kanemi Warriors,Abia Warriors,3,0,Home Win
2024-25,El-Kanemi Warriors,Akwa United,1,0,Home Win
2024-25,El-Kanemi Warriors,Bayelsa United,0,0,Draw
2024-25,El-Kanemi Warriors,Bendel Insurance,0,0,Draw
2024-25,El-Kanemi Warriors,Enugu Rangers,2,1,Home Win
2024-25,El-Kanemi Warriors,Enyimba,1,0,Home Win
2024-25,El-Kanemi Warriors,Heartland,0,0,Draw
2024-25,El-Kanemi Warriors,Ikorodu City,1,1,Draw
2024-25,El-Kanemi Warriors,Kano Pillars,1,0,Home Win
2024-25,El-Kanemi Warriors,Katsina United,1,0,Home Win
2024-25,El-Kanemi Warriors,Kwara United,1,1,Draw
2024-25,El-Kanemi Warriors,Lobi Stars,1,0,Home Win
2024-25,El-Kanemi Warriors,Nasarawa United,1,0,Home Win
2024-25,El-Kanemi Warriors,Niger Tornadoes,1,0,Home Win
2024-25,El-Kanemi Warriors,Plateau United,2,2,Draw
2024-25,El-Kanemi Warriors,Remo Stars,2,0,Home Win
2024-25,El-Kanemi Warriors,Rivers United,1,2,Away Win
2024-25,El-Kanemi Warriors,Shooting Stars,2,2,Draw
2024-25,El-Kanemi Warriors,Sunshine Stars,1,0,Home Win
2024-25,Enugu Rangers,Abia Warriors,1,0,Home Win
2024-25,Enugu Rangers,Akwa United,1,1,Draw
2024-25,Enugu Rangers,Bayelsa United,1,0,Home Win
2024-25,Enugu Rangers,Bendel Insurance,3,2,Home Win
2024-25,Enugu Rangers,El-Kanemi Warriors,0,0,Draw
2024-25,Enugu Rangers,Enyimba,1,2,Away Win
2024-25,Enugu Rangers,Heartland,0,2,Away Win
2024-25,Enugu Rangers,Ikorodu City,2,0,Home Win
2024-25,Enugu Rangers,Kano Pillars,3,4,Away Win
2024-25,Enugu Rangers,Katsina United,4,0,Home Win
2024-25,Enugu Rangers,Kwara United,3,0,Home Win
2024-25,Enugu Rangers,Lobi Stars,3,0,Home Win
2024-25,Enugu Rangers,Nasarawa United,2,0,Home Win
2024-25,Enugu Rangers,Niger Tornadoes,1,2,Away Win
2024-25,Enugu Rangers,Plateau United,0,1,Away Win
2024-25,Enugu Rangers,Remo Stars,2,1,Home Win
2024-25,Enugu Rangers,Rivers United,1,0,Home Win
2024-25,Enugu Rangers,Shooting Stars,0,1,Away Win
2024-25,Enugu Rangers,Sunshine Stars,3,0,Home Win
2024-25,Enyimba,Abia Warriors,2,1,Home Win
2024-25,Enyimba,Akwa United,1,0,Home Win
2024-25,Enyimba,Bayelsa United,1,1,Draw
2024-25,Enyimba,Bendel Insurance,0,0,Draw
2024-25,Enyimba,El-Kanemi Warriors,1,0,Home Win
2024-25,Enyimba,Enugu Rangers,0,0,Draw
2024-25,Enyimba,Heartland,1,1,Draw
2024-25,Enyimba,Ikorodu City,2,1,Home Win
2024-25,Enyimba,Kano Pillars,2,1,Home Win
2024-25,Enyimba,Katsina United,3,0,Home Win
2024-25,Enyimba,Kwara United,2,0,Home Win
2024-25,Enyimba,Lobi Stars,2,1,Home Win
2024-25,Enyimba,Nasarawa United,2,1,Home Win
2024-25,Enyimba,Niger Tornadoes,1,1,Draw
2024-25,Enyimba,Plateau United,0,1,Away Win
2024-25,Enyimba,Remo Stars,0,0,Draw
2024-25,Enyimba,Rivers United,1,0,Home Win
2024-25,Enyimba,Shooting Stars,1,1,Draw
2024-25,Enyimba,Sunshine Stars,0,0,Draw
2024-25,Heartland,Abia Warriors,0,1,Away Win
2024-25,Heartland,Akwa United,2,1,Home Win
2024-25,Heartland,Bayelsa United,1,1,Draw
2024-25,Heartland,Bendel Insurance,1,1,Draw
2024-25,Heartland,El-Kanemi Warriors,0,0,Draw
2024-25,Heartland,Enugu Rangers,0,0,Draw
2024-25,Heartland,Enyimba,1,3,Away Win
2024-25,Heartland,Ikorodu City,1,1,Draw
2024-25,Heartland,Kano Pillars,2,0,Home Win
2024-25,Heartland,Katsina United,0,0,Draw
2024-25,Heartland,Kwara United,0,0,Draw
2024-25,Heartland,Lobi Stars,1,0,Home Win
2024-25,Heartland,Nasarawa United,3,2,Home Win
2024-25,Heartland,Niger Tornadoes,2,0,Home Win
2024-25,Heartland,Plateau United,2,0,Home Win
2024-25,Heartland,Remo Stars,1,0,Home Win
2024-25,Heartland,Rivers United,2,0,Home Win
2024-25,Heartland,Shooting Stars,2,1,Home Win
2024-25,Heartland,Sunshine Stars,1,0,Home Win
2024-25,Ikorodu City,Abia Warriors,3,2,Home Win
2024-25,Ikorodu City,Akwa United,4,1,Home Win
2024-25,Ikorodu City,Bayelsa United,3,2,Home Win
2024-25,Ikorodu City,Bendel Insurance,3,0,Home Win
2024-25,Ikorodu City,El-Kanemi Warriors,2,0,Home Win
2024-25,Ikorodu City,Enugu Rangers,0,1,Away Win
2024-25,Ikorodu City,Enyimba,2,2,Draw
2024-25,Ikorodu City,Heartland,2,0,Home Win
2024-25,Ikorodu City,Kano Pillars,4,1,Home Win
2024-25,Ikorodu City,Katsina United,6,0,Home Win
2024-25,Ikorodu City,Kwara United,2,1,Home Win
2024-25,Ikorodu City,Lobi Stars,4,2,Home Win
2024-25,Ikorodu City,Nasarawa United,1,2,Away Win
2024-25,Ikorodu City,Niger Tornadoes,3,0,Home Win
2024-25,Ikorodu City,Plateau United,2,1,Home Win
2024-25,Ikorodu City,Remo Stars,1,1,Draw
2024-25,Ikorodu City,Rivers United,2,0,Home Win
2024-25,Ikorodu City,Shooting Stars,2,1,Home Win
2024-25,Ikorodu City,Sunshine Stars,2,1,Home Win
2024-25,Kano Pillars,Abia Warriors,1,0,Home Win
2024-25,Kano Pillars,Akwa United,1,0,Home Win
2024-25,Kano Pillars,Bayelsa United,0,0,Draw
2024-25,Kano Pillars,Bendel Insurance,0,0,Draw
2024-25,Kano Pillars,El-Kanemi Warriors,2,1,Home Win
2024-25,Kano Pillars,Enugu Rangers,2,1,Home Win
2024-25,Kano Pillars,Enyimba,2,0,Home Win
2024-25,Kano Pillars,Heartland,2,2,Draw
2024-25,Kano Pillars,Ikorodu City,3,0,Home Win
2024-25,Kano Pillars,Katsina United,1,0,Home Win
2024-25,Kano Pillars,Kwara United,1,1,Draw
2024-25,Kano Pillars,Lobi Stars,2,0,Home Win
2024-25,Kano Pillars,Nasarawa United,1,1,Draw
2024-25,Kano Pillars,Niger Tornadoes,2,1,Home Win
2024-25,Kano Pillars,Plateau United,2,1,Home Win
2024-25,Kano Pillars,Remo Stars,0,2,Away Win
2024-25,Kano Pillars,Rivers United,2,0,Home Win
2024-25,Kano Pillars,Shooting Stars,3,1,Home Win
2024-25,Kano Pillars,Sunshine Stars,2,0,Home Win
2024-25,Katsina United,Abia Warriors,5,1,Home Win
2024-25,Katsina United,Akwa United,1,0,Home Win
2024-25,Katsina United,Bayelsa United,1,1,Draw
2024-25,Katsina United,Bendel Insurance,2,1,Home Win
2024-25,Katsina United,El-Kanemi Warriors,3,0,Home Win
2024-25,Katsina United,Enugu Rangers,0,0,Draw
2024-25,Katsina United,Enyimba,2,1,Home Win
2024-25,Katsina United,Heartland,1,0,Home Win
2024-25,Katsina United,Ikorodu City,1,2,Away Win
2024-25,Katsina United,Kano Pillars,1,0,Home Win
2024-25,Katsina United,Kwara United,1,0,Home Win
2024-25,Katsina United,Lobi Stars,3,0,Home Win
2024-25,Katsina United,Nasarawa United,1,0,Home Win
2024-25,Katsina United,Niger Tornadoes,1,1,Draw
2024-25,Katsina United,Plateau United,1,0,Home Win
2024-25,Katsina United,Remo Stars,2,0,Home Win
2024-25,Katsina United,Rivers United,0,0,Draw
2024-25,Katsina United,Shooting Stars,1,0,Home Win
2024-25,Katsina United,Sunshine Stars,1,0,Home Win
2024-25,Kwara United,Abia Warriors,0,0,Draw
2024-25,Kwara United,Akwa United,0,2,Away Win
2024-25,Kwara United,Bayelsa United,1,0,Home Win
2024-25,Kwara United,Bendel Insurance,0,1,Away Win
2024-25,Kwara United,El-Kanemi Warriors,2,0,Home Win
2024-25,Kwara United,Enugu Rangers,1,1,Draw
2024-25,Kwara United,Enyimba,2,0,Home Win
2024-25,Kwara United,Heartland,1,0,Home Win
2024-25,Kwara United,Ikorodu City,0,0,Draw
2024-25,Kwara United,Kano Pillars,2,0,Home Win
2024-25,Kwara United,Katsina United,1,0,Home Win
2024-25,Kwara United,Lobi Stars,4,0,Home Win
2024-25,Kwara United,Nasarawa United,1,0,Home Win
2024-25,Kwara United,Niger Tornadoes,1,2,Away Win
2024-25,Kwara United,Plateau United,2,0,Home Win
2024-25,Kwara United,Remo Stars,1,0,Home Win
2024-25,Kwara United,Rivers United,3,1,Home Win
2024-25,Kwara United,Shooting Stars,2,0,Home Win
2024-25,Kwara United,Sunshine Stars,3,0,Home Win
2024-25,Lobi Stars,Abia Warriors,3,1,Home Win
2024-25,Lobi Stars,Akwa United,0,0,Draw
2024-25,Lobi Stars,Bayelsa United,2,1,Home Win
2024-25,Lobi Stars,Bendel Insurance,2,1,Home Win
2024-25,Lobi Stars,El-Kanemi Warriors,2,2,Draw
2024-25,Lobi Stars,Enugu Rangers,2,4,Away Win
2024-25,Lobi Stars,Enyimba,0,1,Away Win
2024-25,Lobi Stars,Heartland,0,0,Draw
2024-25,Lobi Stars,Ikorodu City,0,1,Away Win
2024-25,Lobi Stars,Kano Pillars,2,2,Draw
2024-25,Lobi Stars,Katsina United,1,1,Draw
2024-25,Lobi Stars,Kwara United,1,0,Home Win
2024-25,Lobi Stars,Nasarawa United,1,2,Away Win
2024-25,Lobi Stars,Niger Tornadoes,0,2,Away Win
2024-25,Lobi Stars,Plateau United,1,0,Home Win
2024-25,Lobi Stars,Remo Stars,2,2,Draw
2024-25,Lobi Stars,Rivers United,0,1,Away Win
2024-25,Lobi Stars,Shooting Stars,1,0,Home Win
2024-25,Lobi Stars,Sunshine Stars,1,1,Draw
2024-25,Nasarawa United,Abia Warriors,3,0,Home Win
2024-25,Nasarawa United,Akwa United,2,0,Home Win
2024-25,Nasarawa United,Bayelsa United,0,0,Draw
2024-25,Nasarawa United,Bendel Insurance,2,1,Home Win
2024-25,Nasarawa United,El-Kanemi Warriors,3,4,Away Win
2024-25,Nasarawa United,Enugu Rangers,1,0,Home Win
2024-25,Nasarawa United,Enyimba,3,2,Home Win
2024-25,Nasarawa United,Heartland,1,0,Home Win
2024-25,Nasarawa United,Ikorodu City,0,0,Draw
2024-25,Nasarawa United,Kano Pillars,1,0,Home Win
2024-25,Nasarawa United,Katsina United,1,0,Home Win
2024-25,Nasarawa United,Kwara United,0,1,Away Win
2024-25,Nasarawa United,Lobi Stars,1,0,Home Win
2024-25,Nasarawa United,Niger Tornadoes,2,0,Home Win
2024-25,Nasarawa United,Plateau United,3,2,Home Win
2024-25,Nasarawa United,Remo Stars,1,0,Home Win
2024-25,Nasarawa United,Rivers United,1,1,Draw
2024-25,Nasarawa United,Shooting Stars,1,1,Draw
2024-25,Nasarawa United,Sunshine Stars,1,1,Draw
2024-25,Niger Tornadoes,Abia Warriors,1,1,Draw
2024-25,Niger Tornadoes,Akwa United,1,0,Home Win
2024-25,Niger Tornadoes,Bayelsa United,1,1,Draw
2024-25,Niger Tornadoes,Bendel Insurance,1,1,Draw
2024-25,Niger Tornadoes,El-Kanemi Warriors,2,0,Home Win
2024-25,Niger Tornadoes,Enugu Rangers,0,1,Away Win
2024-25,Niger Tornadoes,Enyimba,0,1,Away Win
2024-25,Niger Tornadoes,Heartland,2,1,Home Win
2024-25,Niger Tornadoes,Ikorodu City,0,0,Draw
2024-25,Niger Tornadoes,Kano Pillars,3,2,Home Win
2024-25,Niger Tornadoes,Katsina United,1,0,Home Win
2024-25,Niger Tornadoes,Kwara United,2,1,Home Win
2024-25,Niger Tornadoes,Lobi Stars,1,1,Draw
2024-25,Niger Tornadoes,Nasarawa United,0,0,Draw
2024-25,Niger Tornadoes,Plateau United,1,1,Draw
2024-25,Niger Tornadoes,Remo Stars,2,1,Home Win
2024-25,Niger Tornadoes,Rivers United,0,1,Away Win
2024-25,Niger Tornadoes,Shooting Stars,2,0,Home Win
2024-25,Niger Tornadoes,Sunshine Stars,4,1,Home Win
2024-25,Plateau United,Abia Warriors,1,0,Home Win
2024-25,Plateau United,Akwa United,1,0,Home Win
2024-25,Plateau United,Bayelsa United,1,0,Home Win
2024-25,Plateau United,Bendel Insurance,2,1,Home Win
2024-25,Plateau United,El-Kanemi Warriors,2,0,Home Win
2024-25,Plateau United,Enugu Rangers,0,0,Draw
2024-25,Plateau United,Enyimba,0,0,Draw
2024-25,Plateau United,Heartland,3,2,Home Win
2024-25,Plateau United,Ikorodu City,1,0,Home Win
2024-25,Plateau United,Kano Pillars,2,1,Home Win
2024-25,Plateau United,Katsina United,1,0,Home Win
2024-25,Plateau United,Kwara United,0,0,Draw
2024-25,Plateau United,Lobi Stars,2,1,Home Win
2024-25,Plateau United,Nasarawa United,2,0,Home Win
2024-25,Plateau United,Niger Tornadoes,1,2,Away Win
2024-25,Plateau United,Remo Stars,3,1,Home Win
2024-25,Plateau United,Rivers United,2,1,Home Win
2024-25,Plateau United,Shooting Stars,1,1,Draw
2024-25,Plateau United,Sunshine Stars,3,0,Home Win
2024-25,Remo Stars,Abia Warriors,3,2,Home Win
2024-25,Remo Stars,Akwa United,2,1,Home Win
2024-25,Remo Stars,Bayelsa United,2,0,Home Win
2024-25,Remo Stars,Bendel Insurance,1,0,Home Win
2024-25,Remo Stars,El-Kanemi Warriors,2,0,Home Win
2024-25,Remo Stars,Enugu Rangers,2,1,Home Win
2024-25,Remo Stars,Enyimba,2,0,Home Win
2024-25,Remo Stars,Heartland,2,0,Home Win
2024-25,Remo Stars,Ikorodu City,4,1,Home Win
2024-25,Remo Stars,Kano Pillars,2,1,Home Win
2024-25,Remo Stars,Katsina United,0,0,Draw
2024-25,Remo Stars,Kwara United,2,0,Home Win
2024-25,Remo Stars,Lobi Stars,1,0,Home Win
2024-25,Remo Stars,Nasarawa United,3,0,Home Win
2024-25,Remo Stars,Niger Tornadoes,1,0,Home Win
2024-25,Remo Stars,Plateau United,1,0,Home Win
2024-25,Remo Stars,Rivers United,0,0,Draw
2024-25,Remo Stars,Shooting Stars,2,0,Home Win
2024-25,Remo Stars,Sunshine Stars,1,0,Home Win
2024-25,Rivers United,Abia Warriors,1,0,Home Win
2024-25,Rivers United,Akwa United,2,1,Home Win
2024-25,Rivers United,Bayelsa United,0,1,Away Win
2024-25,Rivers United,Bendel Insurance,2,2,Draw
2024-25,Rivers United,El-Kanemi Warriors,1,1,Draw
2024-25,Rivers United,Enugu Rangers,1,0,Home Win
2024-25,Rivers United,Enyimba,2,0,Home Win
2024-25,Rivers United,Heartland,3,1,Home Win
2024-25,Rivers United,Ikorodu City,1,0,Home Win
2024-25,Rivers United,Kano Pillars,1,0,Home Win
2024-25,Rivers United,Katsina United,1,0,Home Win
2024-25,Rivers United,Kwara United,2,1,Home Win
2024-25,Rivers United,Lobi Stars,1,0,Home Win
2024-25,Rivers United,Nasarawa United,2,1,Home Win
2024-25,Rivers United,Niger Tornadoes,1,0,Home Win
2024-25,Rivers United,Plateau United,1,1,Draw
2024-25,Rivers United,Remo Stars,1,0,Home Win
2024-25,Rivers United,Shooting Stars,2,0,Home Win
2024-25,Rivers United,Sunshine Stars,1,0,Home Win
2024-25,Shooting Stars,Abia Warriors,2,0,Home Win
2024-25,Shooting Stars,Akwa United,2,1,Home Win
2024-25,Shooting Stars,Bayelsa United,1,0,Home Win
2024-25,Shooting Stars,Bendel Insurance,1,0,Home Win
2024-25,Shooting Stars,El-Kanemi Warriors,3,0,Home Win
2024-25,Shooting Stars,Enugu Rangers,5,1,Home Win
2024-25,Shooting Stars,Enyimba,0,0,Draw
2024-25,Shooting Stars,Heartland,1,0,Home Win
2024-25,Shooting Stars,Ikorodu City,0,0,Draw
2024-25,Shooting Stars,Kano Pillars,2,0,Home Win
2024-25,Shooting Stars,Katsina United,1,0,Home Win
2024-25,Shooting Stars,Kwara United,1,0,Home Win
2024-25,Shooting Stars,Lobi Stars,2,2,Draw
2024-25,Shooting Stars,Nasarawa United,2,0,Home Win
2024-25,Shooting Stars,Niger Tornadoes,3,1,Home Win
2024-25,Shooting Stars,Plateau United,1,1,Draw
2024-25,Shooting Stars,Remo Stars,0,1,Away Win
2024-25,Shooting Stars,Rivers United,0,0,Draw
2024-25,Shooting Stars,Sunshine Stars,1,0,Home Win
2024-25,Sunshine Stars,Abia Warriors,0,0,Draw
2024-25,Sunshine Stars,Akwa United,1,0,Home Win
2024-25,Sunshine Stars,Bayelsa United,3,0,Home Win
2024-25,Sunshine Stars,Bendel Insurance,1,2,Away Win
2024-25,Sunshine Stars,El-Kanemi Warriors,1,0,Home Win
2024-25,Sunshine Stars,Enugu Rangers,1,0,Home Win
2024-25,Sunshine Stars,Enyimba,2,1,Home Win
2024-25,Sunshine Stars,Heartland,0,0,Draw
2024-25,Sunshine Stars,Ikorodu City,4,3,Home Win
2024-25,Sunshine Stars,Kano Pillars,1,1,Draw
2024-25,Sunshine Stars,Katsina United,2,0,Home Win
2024-25,Sunshine Stars,Kwara United,4,3,Home Win
2024-25,Sunshine Stars,Lobi Stars,1,0,Home Win
2024-25,Sunshine Stars,Nasarawa United,1,0,Home Win
2024-25,Sunshine Stars,Niger Tornadoes,1,2,Away Win
2024-25,Sunshine Stars,Plateau United,2,2,Draw
2024-25,Sunshine Stars,Remo Stars,1,2,Away Win
2024-25,Sunshine Stars,Rivers United,1,1,Draw
2024-25,Sunshine Stars,Shooting Stars,0,1,Away Win
2023-24,Abia Warriors,Akwa United,2,0,Home Win
2023-24,Abia Warriors,Bayelsa United,1,0,Home Win
2023-24,Abia Warriors,Bendel Insurance,0,0,Draw
2023-24,Abia Warriors,Doma United,3,0,Home Win
2023-24,Abia Warriors,Enugu Rangers,1,0,Home Win
2023-24,Abia Warriors,Enyimba,0,1,Away Win
2023-24,Abia Warriors,Gombe United,3,1,Home Win
2023-24,Abia Warriors,Heartland,1,0,Home Win
2023-24,Abia Warriors,Kano Pillars,1,0,Home Win
2023-24,Abia Warriors,Katsina United,2,1,Home Win
2023-24,Abia Warriors,Kwara United,1,0,Home Win
2023-24,Abia Warriors,Lobi Stars,1,1,Draw
2023-24,Abia Warriors,Niger Tornadoes,1,0,Home Win
2023-24,Abia Warriors,Plateau United,1,0,Home Win
2023-24,Abia Warriors,Remo Stars,0,0,Draw
2023-24,Abia Warriors,Rivers United,2,0,Home Win
2023-24,Abia Warriors,Shooting Stars,3,2,Home Win
2023-24,Abia Warriors,Sporting Lagos,1,1,Draw
2023-24,Abia Warriors,Sunshine Stars,0,0,Draw
2023-24,Akwa United,Abia Warriors,3,1,Home Win
2023-24,Akwa United,Bayelsa United,0,1,Away Win
2023-24,Akwa United,Bendel Insurance,3,1,Home Win
2023-24,Akwa United,Doma United,0,1,Away Win
2023-24,Akwa United,Enugu Rangers,1,0,Home Win
2023-24,Akwa United,Enyimba,3,1,Home Win
2023-24,Akwa United,Gombe United,1,0,Home Win
2023-24,Akwa United,Heartland,2,0,Home Win
2023-24,Akwa United,Kano Pillars,3,0,Home Win
2023-24,Akwa United,Katsina United,3,1,Home Win
2023-24,Akwa United,Kwara United,1,1,Draw
2023-24,Akwa United,Lobi Stars,1,0,Home Win
2023-24,Akwa United,Niger Tornadoes,4,1,Home Win
2023-24,Akwa United,Plateau United,0,0,Draw
2023-24,Akwa United,Remo Stars,3,2,Home Win
2023-24,Akwa United,Rivers United,3,1,Home Win
2023-24,Akwa United,Shooting Stars,0,0,Draw
2023-24,Akwa United,Sporting Lagos,0,0,Draw
2023-24,Akwa United,Sunshine Stars,0,0,Draw
2023-24,Bayelsa United,Abia Warriors,2,2,Draw
2023-24,Bayelsa United,Akwa United,5,3,Home Win
2023-24,Bayelsa United,Bendel Insurance,2,0,Home Win
2023-24,Bayelsa United,Doma United,2,0,Home Win
2023-24,Bayelsa United,Enugu Rangers,2,0,Home Win
2023-24,Bayelsa United,Enyimba,1,2,Away Win
2023-24,Bayelsa United,Gombe United,2,0,Home Win
2023-24,Bayelsa United,Heartland,1,0,Home Win
2023-24,Bayelsa United,Kano Pillars,2,1,Home Win
2023-24,Bayelsa United,Katsina United,1,1,Draw
2023-24,Bayelsa United,Kwara United,2,1,Home Win
2023-24,Bayelsa United,Lobi Stars,1,2,Away Win
2023-24,Bayelsa United,Niger Tornadoes,0,1,Away Win
2023-24,Bayelsa United,Plateau United,3,2,Home Win
2023-24,Bayelsa United,Remo Stars,1,2,Away Win
2023-24,Bayelsa United,Rivers United,2,1,Home Win
2023-24,Bayelsa United,Shooting Stars,2,1,Home Win
2023-24,Bayelsa United,Sporting Lagos,2,2,Draw
2023-24,Bayelsa United,Sunshine Stars,1,1,Draw
2023-24,Bendel Insurance,Abia Warriors,1,0,Home Win
2023-24,Bendel Insurance,Akwa United,0,0,Draw
2023-24,Bendel Insurance,Bayelsa United,0,2,Away Win
2023-24,Bendel Insurance,Doma United,4,0,Home Win
2023-24,Bendel Insurance,Enugu Rangers,2,0,Home Win
2023-24,Bendel Insurance,Enyimba,0,0,Draw
2023-24,Bendel Insurance,Gombe United,2,0,Home Win
2023-24,Bendel Insurance,Heartland,1,0,Home Win
2023-24,Bendel Insurance,Kano Pillars,2,1,Home Win
2023-24,Bendel Insurance,Katsina United,2,0,Home Win
2023-24,Bendel Insurance,Kwara United,2,2,Draw
2023-24,Bendel Insurance,Lobi Stars,1,0,Home Win
2023-24,Bendel Insurance,Niger Tornadoes,1,3,Away Win
2023-24,Bendel Insurance,Plateau United,1,0,Home Win
2023-24,Bendel Insurance,Remo Stars,1,0,Home Win
2023-24,Bendel Insurance,Rivers United,2,1,Home Win
2023-24,Bendel Insurance,Shooting Stars,2,0,Home Win
2023-24,Bendel Insurance,Sporting Lagos,3,1,Home Win
2023-24,Bendel Insurance,Sunshine Stars,1,0,Home Win
2023-24,Doma United,Abia Warriors,1,1,Draw
2023-24,Doma United,Akwa United,1,0,Home Win
2023-24,Doma United,Bayelsa United,2,0,Home Win
2023-24,Doma United,Bendel Insurance,0,0,Draw
2023-24,Doma United,Enugu Rangers,0,1,Away Win
2023-24,Doma United,Enyimba,1,0,Home Win
2023-24,Doma United,Gombe United,1,1,Draw
2023-24,Doma United,Heartland,1,0,Home Win
2023-24,Doma United,Kano Pillars,1,0,Home Win
2023-24,Doma United,Katsina United,2,0,Home Win
2023-24,Doma United,Kwara United,0,0,Draw
2023-24,Doma United,Lobi Stars,1,0,Home Win
2023-24,Doma United,Niger Tornadoes,1,0,Home Win
2023-24,Doma United,Plateau United,1,0,Home Win
2023-24,Doma United,Remo Stars,1,1,Draw
2023-24,Doma United,Rivers United,1,1,Draw
2023-24,Doma United,Shooting Stars,0,1,Away Win
2023-24,Doma United,Sporting Lagos,0,0,Draw
2023-24,Doma United,Sunshine Stars,0,1,Away Win
2023-24,Enugu Rangers,Abia Warriors,3,2,Home Win
2023-24,Enugu Rangers,Akwa United,1,0,Home Win
2023-24,Enugu Rangers,Bayelsa United,3,0,Home Win
2023-24,Enugu Rangers,Bendel Insurance,2,0,Home Win
2023-24,Enugu Rangers,Doma United,2,1,Home Win
2023-24,Enugu Rangers,Enyimba,3,0,Home Win
2023-24,Enugu Rangers,Gombe United,4,1,Home Win
2023-24,Enugu Rangers,Heartland,2,0,Home Win
2023-24,Enugu Rangers,Kano Pillars,4,1,Home Win
2023-24,Enugu Rangers,Katsina United,0,0,Draw
2023-24,Enugu Rangers,Kwara United,0,0,Draw
2023-24,Enugu Rangers,Lobi Stars,2,1,Home Win
2023-24,Enugu Rangers,Niger Tornadoes,2,1,Home Win
2023-24,Enugu Rangers,Plateau United,2,0,Home Win
2023-24,Enugu Rangers,Remo Stars,1,0,Home Win
2023-24,Enugu Rangers,Rivers United,1,0,Home Win
2023-24,Enugu Rangers,Shooting Stars,2,0,Home Win
2023-24,Enugu Rangers,Sporting Lagos,2,0,Home Win
2023-24,Enugu Rangers,Sunshine Stars,2,0,Home Win
2023-24,Enyimba,Abia Warriors,2,1,Home Win
2023-24,Enyimba,Akwa United,3,2,Home Win
2023-24,Enyimba,Bayelsa United,1,1,Draw
2023-24,Enyimba,Bendel Insurance,2,1,Home Win
2023-24,Enyimba,Doma United,0,0,Draw
2023-24,Enyimba,Enugu Rangers,1,1,Draw
2023-24,Enyimba,Gombe United,4,0,Home Win
2023-24,Enyimba,Heartland,1,0,Home Win
2023-24,Enyimba,Kano Pillars,5,0,Home Win
2023-24,Enyimba,Katsina United,1,0,Home Win
2023-24,Enyimba,Kwara United,1,0,Home Win
2023-24,Enyimba,Lobi Stars,1,0,Home Win
2023-24,Enyimba,Niger Tornadoes,3,1,Home Win
2023-24,Enyimba,Plateau United,2,0,Home Win
2023-24,Enyimba,Remo Stars,0,1,Away Win
2023-24,Enyimba,Rivers United,4,1,Home Win
2023-24,Enyimba,Shooting Stars,1,0,Home Win
2023-24,Enyimba,Sporting Lagos,2,0,Home Win
2023-24,Enyimba,Sunshine Stars,1,0,Home Win
2023-24,Gombe United,Abia Warriors,1,3,Away Win
2023-24,Gombe United,Akwa United,1,1,Draw
2023-24,Gombe United,Bayelsa United,1,1,Draw
2023-24,Gombe United,Bendel Insurance,1,0,Home Win
2023-24,Gombe United,Doma United,0,3,Away Win
2023-24,Gombe United,Enugu Rangers,1,2,Away Win
2023-24,Gombe United,Enyimba,2,0,Home Win
2023-24,Gombe United,Heartland,2,0,Home Win
2023-24,Gombe United,Kano Pillars,2,5,Away Win
2023-24,Gombe United,Katsina United,1,0,Home Win
2023-24,Gombe United,Kwara United,1,2,Away Win
2023-24,Gombe United,Lobi Stars,3,2,Home Win
2023-24,Gombe United,Niger Tornadoes,1,0,Home Win
2023-24,Gombe United,Plateau United,1,0,Home Win
2023-24,Gombe United,Remo Stars,0,0,Draw
2023-24,Gombe United,Rivers United,1,1,Draw
2023-24,Gombe United,Shooting Stars,1,1,Draw
2023-24,Gombe United,Sporting Lagos,2,0,Home Win
2023-24,Gombe United,Sunshine Stars,0,2,Away Win
2023-24,Heartland,Abia Warriors,2,0,Home Win
2023-24,Heartland,Akwa United,1,0,Home Win
2023-24,Heartland,Bayelsa United,2,2,Draw
2023-24,Heartland,Bendel Insurance,1,0,Home Win
2023-24,Heartland,Doma United,3,1,Home Win
2023-24,Heartland,Enugu Rangers,1,2,Away Win
2023-24,Heartland,Enyimba,0,1,Away Win
2023-24,Heartland,Gombe United,3,0,Home Win
2023-24,Heartland,Kano Pillars,1,1,Draw
2023-24,Heartland,Katsina United,1,1,Draw
2023-24,Heartland,Kwara United,1,1,Draw
2023-24,Heartland,Lobi Stars,2,2,Draw
2023-24,Heartland,Niger Tornadoes,1,0,Home Win
2023-24,Heartland,Plateau United,1,5,Away Win
2023-24,Heartland,Remo Stars,3,1,Home Win
2023-24,Heartland,Rivers United,1,1,Draw
2023-24,Heartland,Shooting Stars,1,0,Home Win
2023-24,Heartland,Sporting Lagos,3,1,Home Win
2023-24,Heartland,Sunshine Stars,1,1,Draw
2023-24,Kano Pillars,Abia Warriors,0,1,Away Win
2023-24,Kano Pillars,Akwa United,1,0,Home Win
2023-24,Kano Pillars,Bayelsa United,3,0,Home Win
2023-24,Kano Pillars,Bendel Insurance,0,0,Draw
2023-24,Kano Pillars,Doma United,3,1,Home Win
2023-24,Kano Pillars,Enugu Rangers,1,1,Draw
2023-24,Kano Pillars,Enyimba,1,0,Home Win
2023-24,Kano Pillars,Gombe United,4,0,Home Win
2023-24,Kano Pillars,Heartland,2,1,Home Win
2023-24,Kano Pillars,Katsina United,1,0,Home Win
2023-24,Kano Pillars,Kwara United,2,1,Home Win
2023-24,Kano Pillars,Lobi Stars,3,2,Home Win
2023-24,Kano Pillars,Niger Tornadoes,1,1,Draw
2023-24,Kano Pillars,Plateau United,2,1,Home Win
2023-24,Kano Pillars,Remo Stars,2,1,Home Win
2023-24,Kano Pillars,Rivers United,1,0,Home Win
2023-24,Kano Pillars,Shooting Stars,1,2,Away Win
2023-24,Kano Pillars,Sporting Lagos,1,0,Home Win
2023-24,Kano Pillars,Sunshine Stars,5,1,Home Win
2023-24,Katsina United,Abia Warriors,2,1,Home Win
2023-24,Katsina United,Akwa United,1,0,Home Win
2023-24,Katsina United,Bayelsa United,1,1,Draw
2023-24,Katsina United,Bendel Insurance,1,0,Home Win
2023-24,Katsina United,Doma United,2,0,Home Win
2023-24,Katsina United,Enugu Rangers,4,3,Home Win
2023-24,Katsina United,Enyimba,2,1,Home Win
2023-24,Katsina United,Gombe United,4,0,Home Win
2023-24,Katsina United,Heartland,1,1,Draw
2023-24,Katsina United,Kano Pillars,3,2,Home Win
2023-24,Katsina United,Kwara United,1,0,Home Win
2023-24,Katsina United,Lobi Stars,0,0,Draw
2023-24,Katsina United,Niger Tornadoes,1,0,Home Win
2023-24,Katsina United,Plateau United,2,1,Home Win
2023-24,Katsina United,Remo Stars,2,0,Home Win
2023-24,Katsina United,Rivers United,1,0,Home Win
2023-24,Katsina United,Shooting Stars,2,2,Draw
2023-24,Katsina United,Sporting Lagos,2,0,Home Win
2023-24,Katsina United,Sunshine Stars,3,2,Home Win
2023-24,Kwara United,Abia Warriors,1,0,Home Win
2023-24,Kwara United,Akwa United,1,0,Home Win
2023-24,Kwara United,Bayelsa United,1,0,Home Win
2023-24,Kwara United,Bendel Insurance,1,1,Draw
2023-24,Kwara United,Doma United,0,0,Draw
2023-24,Kwara United,Enugu Rangers,1,1,Draw
2023-24,Kwara United,Enyimba,2,1,Home Win
2023-24,Kwara United,Gombe United,2,0,Home Win
2023-24,Kwara United,Heartland,4,0,Home Win
2023-24,Kwara United,Kano Pillars,2,0,Home Win
2023-24,Kwara United,Katsina United,1,1,Draw
2023-24,Kwara United,Lobi Stars,0,2,Away Win
2023-24,Kwara United,Niger Tornadoes,0,0,Draw
2023-24,Kwara United,Plateau United,2,1,Home Win
2023-24,Kwara United,Remo Stars,3,2,Home Win
2023-24,Kwara United,Rivers United,0,0,Draw
2023-24,Kwara United,Shooting Stars,1,1,Draw
2023-24,Kwara United,Sporting Lagos,2,1,Home Win
2023-24,Kwara United,Sunshine Stars,1,0,Home Win
2023-24,Lobi Stars,Abia Warriors,2,0,Home Win
2023-24,Lobi Stars,Akwa United,1,2,Away Win
2023-24,Lobi Stars,Bayelsa United,1,1,Draw
2023-24,Lobi Stars,Bendel Insurance,0,0,Draw
2023-24,Lobi Stars,Doma United,2,1,Home Win
2023-24,Lobi Stars,Enugu Rangers,2,1,Home Win
2023-24,Lobi Stars,Enyimba,1,0,Home Win
2023-24,Lobi Stars,Gombe United,1,0,Home Win
2023-24,Lobi Stars,Heartland,1,0,Home Win
2023-24,Lobi Stars,Kano Pillars,1,1,Draw
2023-24,Lobi Stars,Katsina United,2,0,Home Win
2023-24,Lobi Stars,Kwara United,4,3,Home Win
2023-24,Lobi Stars,Niger Tornadoes,1,0,Home Win
2023-24,Lobi Stars,Plateau United,2,1,Home Win
2023-24,Lobi Stars,Remo Stars,3,2,Home Win
2023-24,Lobi Stars,Rivers United,3,2,Home Win
2023-24,Lobi Stars,Shooting Stars,2,1,Home Win
2023-24,Lobi Stars,Sporting Lagos,1,0,Home Win
2023-24,Lobi Stars,Sunshine Stars,3,2,Home Win
2023-24,Niger Tornadoes,Abia Warriors,1,0,Home Win
2023-24,Niger Tornadoes,Akwa United,1,0,Home Win
2023-24,Niger Tornadoes,Bayelsa United,1,0,Home Win
2023-24,Niger Tornadoes,Bendel Insurance,0,0,Draw
2023-24,Niger Tornadoes,Doma United,2,0,Home Win
2023-24,Niger Tornadoes,Enugu Rangers,0,2,Away Win
2023-24,Niger Tornadoes,Enyimba,0,0,Draw
2023-24,Niger Tornadoes,Gombe United,5,0,Home Win
2023-24,Niger Tornadoes,Heartland,3,2,Home Win
2023-24,Niger Tornadoes,Kano Pillars,1,0,Home Win
2023-24,Niger Tornadoes,Katsina United,0,0,Draw
2023-24,Niger Tornadoes,Kwara United,1,1,Draw
2023-24,Niger Tornadoes,Lobi Stars,3,2,Home Win
2023-24,Niger Tornadoes,Plateau United,2,3,Away Win
2023-24,Niger Tornadoes,Remo Stars,0,0,Draw
2023-24,Niger Tornadoes,Rivers United,1,0,Home Win
2023-24,Niger Tornadoes,Shooting Stars,2,1,Home Win
2023-24,Niger Tornadoes,Sporting Lagos,1,0,Home Win
2023-24,Niger Tornadoes,Sunshine Stars,2,1,Home Win
2023-24,Plateau United,Abia Warriors,3,1,Home Win
2023-24,Plateau United,Akwa United,1,2,Away Win
2023-24,Plateau United,Bayelsa United,5,1,Home Win
2023-24,Plateau United,Bendel Insurance,2,0,Home Win
2023-24,Plateau United,Doma United,4,0,Home Win
2023-24,Plateau United,Enugu Rangers,2,1,Home Win
2023-24,Plateau United,Enyimba,1,0,Home Win
2023-24,Plateau United,Gombe United,4,0,Home Win
2023-24,Plateau United,Heartland,1,0,Home Win
2023-24,Plateau United,Kano Pillars,1,1,Draw
2023-24,Plateau United,Katsina United,1,0,Home Win
2023-24,Plateau United,Kwara United,2,0,Home Win
2023-24,Plateau United,Lobi Stars,2,1,Home Win
2023-24,Plateau United,Niger Tornadoes,0,0,Draw
2023-24,Plateau United,Remo Stars,1,0,Home Win
2023-24,Plateau United,Rivers United,3,2,Home Win
2023-24,Plateau United,Shooting Stars,0,0,Draw
2023-24,Plateau United,Sporting Lagos,1,0,Home Win
2023-24,Plateau United,Sunshine Stars,1,0,Home Win
2023-24,Remo Stars,Abia Warriors,2,1,Home Win
2023-24,Remo Stars,Akwa United,2,1,Home Win
2023-24,Remo Stars,Bayelsa United,1,0,Home Win
2023-24,Remo Stars,Bendel Insurance,2,0,Home Win
2023-24,Remo Stars,Doma United,0,0,Draw
2023-24,Remo Stars,Enugu Rangers,2,1,Home Win
2023-24,Remo Stars,Enyimba,1,0,Home Win
2023-24,Remo Stars,Gombe United,4,0,Home Win
2023-24,Remo Stars,Heartland,4,1,Home Win
2023-24,Remo Stars,Kano Pillars,2,1,Home Win
2023-24,Remo Stars,Katsina United,2,1,Home Win
2023-24,Remo Stars,Kwara United,2,0,Home Win
2023-24,Remo Stars,Lobi Stars,2,0,Home Win
2023-24,Remo Stars,Niger Tornadoes,3,0,Home Win
2023-24,Remo Stars,Plateau United,1,0,Home Win
2023-24,Remo Stars,Rivers United,2,1,Home Win
2023-24,Remo Stars,Shooting Stars,3,0,Home Win
2023-24,Remo Stars,Sporting Lagos,2,1,Home Win
2023-24,Remo Stars,Sunshine Stars,2,0,Home Win
2023-24,Rivers United,Abia Warriors,2,1,Home Win
2023-24,Rivers United,Akwa United,2,1,Home Win
2023-24,Rivers United,Bayelsa United,2,0,Home Win
2023-24,Rivers United,Bendel Insurance,1,1,Draw
2023-24,Rivers United,Doma United,3,2,Home Win
2023-24,Rivers United,Enugu Rangers,2,0,Home Win
2023-24,Rivers United,Enyimba,2,0,Home Win
2023-24,Rivers United,Gombe United,6,0,Home Win
2023-24,Rivers United,Heartland,1,0,Home Win
2023-24,Rivers United,Kano Pillars,1,1,Draw
2023-24,Rivers United,Katsina United,2,0,Home Win
2023-24,Rivers United,Kwara United,0,0,Draw
2023-24,Rivers United,Lobi Stars,1,0,Home Win
2023-24,Rivers United,Niger Tornadoes,3,2,Home Win
2023-24,Rivers United,Plateau United,3,1,Home Win
2023-24,Rivers United,Remo Stars,2,0,Home Win
2023-24,Rivers United,Shooting Stars,1,0,Home Win
2023-24,Rivers United,Sporting Lagos,4,1,Home Win
2023-24,Rivers United,Sunshine Stars,1,1,Draw
2023-24,Shooting Stars,Abia Warriors,4,0,Home Win
2023-24,Shooting Stars,Akwa United,3,0,Home Win
2023-24,Shooting Stars,Bayelsa United,1,0,Home Win
2023-24,Shooting Stars,Bendel Insurance,1,0,Home Win
2023-24,Shooting Stars,Doma United,3,1,Home Win
2023-24,Shooting Stars,Enugu Rangers,1,0,Home Win
2023-24,Shooting Stars,Enyimba,1,2,Away Win
2023-24,Shooting Stars,Gombe United,2,1,Home Win
2023-24,Shooting Stars,Heartland,0,0,Draw
2023-24,Shooting Stars,Kano Pillars,1,0,Home Win
2023-24,Shooting Stars,Katsina United,1,1,Draw
2023-24,Shooting Stars,Kwara United,2,0,Home Win
2023-24,Shooting Stars,Lobi Stars,2,0,Home Win
2023-24,Shooting Stars,Niger Tornadoes,4,1,Home Win
2023-24,Shooting Stars,Plateau United,2,1,Home Win
2023-24,Shooting Stars,Remo Stars,2,0,Home Win
2023-24,Shooting Stars,Rivers United,1,0,Home Win
2023-24,Shooting Stars,Sporting Lagos,1,0,Home Win
2023-24,Shooting Stars,Sunshine Stars,2,0,Home Win
2023-24,Sporting Lagos,Abia Warriors,4,2,Home Win
2023-24,Sporting Lagos,Akwa United,2,1,Home Win
2023-24,Sporting Lagos,Bayelsa United,1,1,Draw
2023-24,Sporting Lagos,Bendel Insurance,1,0,Home Win
2023-24,Sporting Lagos,Doma United,0,0,Draw
2023-24,Sporting Lagos,Enugu Rangers,0,0,Draw
2023-24,Sporting Lagos,Enyimba,2,1,Home Win
2023-24,Sporting Lagos,Gombe United,2,0,Home Win
2023-24,Sporting Lagos,Heartland,1,1,Draw
2023-24,Sporting Lagos,Kano Pillars,3,0,Home Win
2023-24,Sporting Lagos,Katsina United,1,0,Home Win
2023-24,Sporting Lagos,Kwara United,2,0,Home Win
2023-24,Sporting Lagos,Lobi Stars,1,1,Draw
2023-24,Sporting Lagos,Niger Tornadoes,2,1,Home Win
2023-24,Sporting Lagos,Plateau United,1,2,Away Win
2023-24,Sporting Lagos,Remo Stars,4,1,Home Win
2023-24,Sporting Lagos,Rivers United,1,0,Home Win
2023-24,Sporting Lagos,Shooting Stars,2,2,Draw
2023-24,Sporting Lagos,Sunshine Stars,1,0,Home Win
2023-24,Sunshine Stars,Abia Warriors,2,1,Home Win
2023-24,Sunshine Stars,Akwa United,2,0,Home Win
2023-24,Sunshine Stars,Bayelsa United,1,1,Draw
2023-24,Sunshine Stars,Bendel Insurance,0,0,Draw
2023-24,Sunshine Stars,Doma United,2,0,Home Win
2023-24,Sunshine Stars,Enugu Rangers,2,2,Draw
2023-24,Sunshine Stars,Enyimba,1,1,Draw
2023-24,Sunshine Stars,Gombe United,1,1,Draw
2023-24,Sunshine Stars,Heartland,1,1,Draw
2023-24,Sunshine Stars,Kano Pillars,1,0,Home Win
2023-24,Sunshine Stars,Katsina United,1,0,Home Win
2023-24,Sunshine Stars,Kwara United,1,1,Draw
2023-24,Sunshine Stars,Lobi Stars,2,0,Home Win
2023-24,Sunshine Stars,Niger Tornadoes,0,0,Draw
2023-24,Sunshine Stars,Plateau United,3,1,Home Win
2023-24,Sunshine Stars,Remo Stars,2,1,Home Win
2023-24,Sunshine Stars,Rivers United,1,0,Home Win
2023-24,Sunshine Stars,Shooting Stars,1,0,Home Win
2023-24,Sunshine Stars,Sporting Lagos,1,0,Home Win
2022-23,Akwa United,Bendel Insurance,0,2,Away Win
2022-23,Akwa United,El-Kanemi Warriors,2,0,Home Win
2022-23,Akwa United,Enyimba,1,0,Home Win
2022-23,Akwa United,Gombe United,1,0,Home Win
2022-23,Akwa United,Kwara United,3,1,Home Win
2022-23,Akwa United,Nasarawa United,2,2,Draw
2022-23,Akwa United,Plateau United,1,0,Home Win
2022-23,Akwa United,Remo Stars,3,1,Home Win
2022-23,Akwa United,Shooting Stars,2,0,Home Win
2022-23,Bendel Insurance,Akwa United,1,1,Draw
2022-23,Bendel Insurance,El-Kanemi Warriors,2,1,Home Win
2022-23,Bendel Insurance,Enyimba,1,0,Home Win
2022-23,Bendel Insurance,Gombe United,0,0,Draw
2022-23,Bendel Insurance,Kwara United,1,1,Draw
2022-23,Bendel Insurance,Nasarawa United,1,0,Home Win
2022-23,Bendel Insurance,Plateau United,2,1,Home Win
2022-23,Bendel Insurance,Remo Stars,3,0,Home Win
2022-23,Bendel Insurance,Shooting Stars,1,1,Draw
2022-23,El-Kanemi Warriors,Akwa United,1,1,Draw
2022-23,El-Kanemi Warriors,Bendel Insurance,0,1,Away Win
2022-23,El-Kanemi Warriors,Enyimba,0,1,Away Win
2022-23,El-Kanemi Warriors,Gombe United,0,0,Draw
2022-23,El-Kanemi Warriors,Kwara United,1,2,Away Win
2022-23,El-Kanemi Warriors,Nasarawa United,2,1,Home Win
2022-23,El-Kanemi Warriors,Plateau United,2,2,Draw
2022-23,El-Kanemi Warriors,Remo Stars,1,2,Away Win
2022-23,El-Kanemi Warriors,Shooting Stars,0,0,Draw
2022-23,Enyimba,Akwa United,0,0,Draw
2022-23,Enyimba,Bendel Insurance,1,1,Draw
2022-23,Enyimba,El-Kanemi Warriors,2,0,Home Win
2022-23,Enyimba,Gombe United,5,0,Home Win
2022-23,Enyimba,Kwara United,3,0,Home Win
2022-23,Enyimba,Nasarawa United,1,1,Draw
2022-23,Enyimba,Plateau United,2,1,Home Win
2022-23,Enyimba,Remo Stars,1,1,Draw
2022-23,Enyimba,Shooting Stars,2,0,Home Win
2022-23,Gombe United,Akwa United,0,1,Away Win
2022-23,Gombe United,Bendel Insurance,0,0,Draw
2022-23,Gombe United,El-Kanemi Warriors,1,0,Home Win
2022-23,Gombe United,Enyimba,1,2,Away Win
2022-23,Gombe United,Kwara United,1,0,Home Win
2022-23,Gombe United,Nasarawa United,1,1,Draw
2022-23,Gombe United,Plateau United,3,2,Home Win
2022-23,Gombe United,Remo Stars,0,1,Away Win
2022-23,Gombe United,Shooting Stars,2,1,Home Win
2022-23,Kwara United,Akwa United,2,1,Home Win
2022-23,Kwara United,Bendel Insurance,0,1,Away Win
2022-23,Kwara United,El-Kanemi Warriors,2,0,Home Win
2022-23,Kwara United,Enyimba,1,2,Away Win
2022-23,Kwara United,Gombe United,0,0,Draw
2022-23,Kwara United,Nasarawa United,1,0,Home Win
2022-23,Kwara United,Plateau United,1,1,Draw
2022-23,Kwara United,Remo Stars,0,0,Draw
2022-23,Kwara United,Shooting Stars,0,1,Away Win
2022-23,Nasarawa United,Akwa United,0,3,Away Win
2022-23,Nasarawa United,Bendel Insurance,1,1,Draw
2022-23,Nasarawa United,El-Kanemi Warriors,1,2,Away Win
2022-23,Nasarawa United,Enyimba,1,2,Away Win
2022-23,Nasarawa United,Gombe United,1,1,Draw
2022-23,Nasarawa United,Kwara United,2,0,Home Win
2022-23,Nasarawa United,Plateau United,1,2,Away Win
2022-23,Nasarawa United,Remo Stars,2,0,Home Win
2022-23,Nasarawa United,Shooting Stars,1,0,Home Win
2022-23,Plateau United,Akwa United,1,0,Home Win
2022-23,Plateau United,Bendel Insurance,1,1,Draw
2022-23,Plateau United,El-Kanemi Warriors,5,0,Home Win
2022-23,Plateau United,Enyimba,2,1,Home Win
2022-23,Plateau United,Gombe United,2,0,Home Win
2022-23,Plateau United,Kwara United,1,0,Home Win
2022-23,Plateau United,Nasarawa United,1,0,Home Win
2022-23,Plateau United,Remo Stars,1,2,Away Win
2022-23,Plateau United,Shooting Stars,3,3,Draw
2022-23,Remo Stars,Akwa United,1,0,Home Win
2022-23,Remo Stars,Bendel Insurance,1,1,Draw
2022-23,Remo Stars,El-Kanemi Warriors,2,0,Home Win
2022-23,Remo Stars,Enyimba,1,0,Home Win
2022-23,Remo Stars,Gombe United,0,0,Draw
2022-23,Remo Stars,Kwara United,4,0,Home Win
2022-23,Remo Stars,Nasarawa United,1,0,Home Win
2022-23,Remo Stars,Plateau United,1,1,Draw
2022-23,Remo Stars,Shooting Stars,2,0,Home Win
2022-23,Shooting Stars,Akwa United,2,2,Draw
2022-23,Shooting Stars,Bendel Insurance,2,2,Draw
2022-23,Shooting Stars,El-Kanemi Warriors,1,0,Home Win
2022-23,Shooting Stars,Enyimba,0,0,Draw
2022-23,Shooting Stars,Gombe United,1,0,Home Win
2022-23,Shooting Stars,Kwara United,0,0,Draw
2022-23,Shooting Stars,Nasarawa United,2,0,Home Win
2022-23,Shooting Stars,Plateau United,3,2,Home Win
2022-23,Shooting Stars,Remo Stars,1,1,Draw
2022-23,Abia Warriors,Bayelsa United,3,1,Home Win
2022-23,Abia Warriors,Dakkada,3,0,Home Win
2022-23,Abia Warriors,Doma United,2,0,Home Win
2022-23,Abia Warriors,Enugu Rangers,2,1,Home Win
2022-23,Abia Warriors,Lobi Stars,0,1,Away Win
2022-23,Abia Warriors,Niger Tornadoes,1,0,Home Win
2022-23,Abia Warriors,Rivers United,0,0,Draw
2022-23,Abia Warriors,Sunshine Stars,2,1,Home Win
2022-23,Abia Warriors,Wikki Tourists,1,1,Draw
2022-23,Bayelsa United,Abia Warriors,5,1,Home Win
2022-23,Bayelsa United,Dakkada,1,1,Draw
2022-23,Bayelsa United,Doma United,1,1,Draw
2022-23,Bayelsa United,Enugu Rangers,1,1,Draw
2022-23,Bayelsa United,Lobi Stars,3,0,Home Win
2022-23,Bayelsa United,Niger Tornadoes,2,0,Home Win
2022-23,Bayelsa United,Rivers United,2,2,Draw
2022-23,Bayelsa United,Sunshine Stars,2,1,Home Win
2022-23,Bayelsa United,Wikki Tourists,2,1,Home Win
2022-23,Dakkada,Abia Warriors,2,4,Away Win
2022-23,Dakkada,Bayelsa United,1,1,Draw
2022-23,Dakkada,Doma United,1,0,Home Win
2022-23,Dakkada,Enugu Rangers,1,1,Draw
2022-23,Dakkada,Lobi Stars,1,1,Draw
2022-23,Dakkada,Niger Tornadoes,1,2,Away Win
2022-23,Dakkada,Rivers United,1,2,Away Win
2022-23,Dakkada,Sunshine Stars,2,1,Home Win
2022-23,Dakkada,Wikki Tourists,2,1,Home Win
2022-23,Doma United,Abia Warriors,1,0,Home Win
2022-23,Doma United,Bayelsa United,2,1,Home Win
2022-23,Doma United,Dakkada,1,0,Home Win
2022-23,Doma United,Enugu Rangers,0,0,Draw
2022-23,Doma United,Lobi Stars,2,0,Home Win
2022-23,Doma United,Niger Tornadoes,2,1,Home Win
2022-23,Doma United,Rivers United,2,1,Home Win
2022-23,Doma United,Sunshine Stars,1,1,Draw
2022-23,Doma United,Wikki Tourists,2,0,Home Win
2022-23,Enugu Rangers,Abia Warriors,0,2,Away Win
2022-23,Enugu Rangers,Bayelsa United,2,1,Home Win
2022-23,Enugu Rangers,Dakkada,1,0,Home Win
2022-23,Enugu Rangers,Doma United,1,0,Home Win
2022-23,Enugu Rangers,Lobi Stars,1,1,Draw
2022-23,Enugu Rangers,Niger Tornadoes,2,2,Draw
2022-23,Enugu Rangers,Rivers United,1,1,Draw
2022-23,Enugu Rangers,Sunshine Stars,1,1,Draw
2022-23,Enugu Rangers,Wikki Tourists,3,0,Home Win
2022-23,Lobi Stars,Abia Warriors,2,0,Home Win
2022-23,Lobi Stars,Bayelsa United,3,0,Home Win
2022-23,Lobi Stars,Dakkada,2,1,Home Win
2022-23,Lobi Stars,Doma United,2,0,Home Win
2022-23,Lobi Stars,Enugu Rangers,1,0,Home Win
2022-23,Lobi Stars,Niger Tornadoes,1,0,Home Win
2022-23,Lobi Stars,Rivers United,3,2,Home Win
2022-23,Lobi Stars,Sunshine Stars,1,0,Home Win
2022-23,Lobi Stars,Wikki Tourists,0,2,Away Win
2022-23,Niger Tornadoes,Abia Warriors,3,0,Home Win
2022-23,Niger Tornadoes,Bayelsa United,1,1,Draw
2022-23,Niger Tornadoes,Dakkada,1,0,Home Win
2022-23,Niger Tornadoes,Doma United,1,0,Home Win
2022-23,Niger Tornadoes,Enugu Rangers,0,0,Draw
2022-23,Niger Tornadoes,Lobi Stars,0,0,Draw
2022-23,Niger Tornadoes,Rivers United,0,0,Draw
2022-23,Niger Tornadoes,Sunshine Stars,0,2,Away Win
2022-23,Niger Tornadoes,Wikki Tourists,2,0,Home Win
2022-23,Rivers United,Abia Warriors,1,1,Draw
2022-23,Rivers United,Bayelsa United,2,1,Home Win
2022-23,Rivers United,Dakkada,1,0,Home Win
2022-23,Rivers United,Doma United,2,0,Home Win
2022-23,Rivers United,Enugu Rangers,1,0,Home Win
2022-23,Rivers United,Lobi Stars,2,1,Home Win
2022-23,Rivers United,Niger Tornadoes,2,1,Home Win
2022-23,Rivers United,Sunshine Stars,1,0,Home Win
2022-23,Rivers United,Wikki Tourists,2,0,Home Win
2022-23,Sunshine Stars,Abia Warriors,1,0,Home Win
2022-23,Sunshine Stars,Bayelsa United,1,0,Home Win
2022-23,Sunshine Stars,Dakkada,3,0,Home Win
2022-23,Sunshine Stars,Doma United,1,1,Draw
2022-23,Sunshine Stars,Enugu Rangers,1,1,Draw
2022-23,Sunshine Stars,Lobi Stars,1,0,Home Win
2022-23,Sunshine Stars,Niger Tornadoes,2,0,Home Win
2022-23,Sunshine Stars,Rivers United,1,1,Draw
2022-23,Sunshine Stars,Wikki Tourists,1,0,Home Win
2022-23,Wikki Tourists,Abia Warriors,4,0,Home Win
2022-23,Wikki Tourists,Bayelsa United,1,2,Away Win
2022-23,Wikki Tourists,Dakkada,3,1,Home Win
2022-23,Wikki Tourists,Doma United,0,0,Draw
2022-23,Wikki Tourists,Enugu Rangers,1,0,Home Win
2022-23,Wikki Tourists,Lobi Stars,2,1,Home Win
2022-23,Wikki Tourists,Niger Tornadoes,0,2,Away Win
2022-23,Wikki Tourists,Rivers United,1,1,Draw
2022-23,Wikki Tourists,Sunshine Stars,1,1,Draw
2021-22,Abia Warriors,Akwa United,0,0,Draw
2021-22,Abia Warriors,Dakkada,1,1,Draw
2021-22,Abia Warriors,Enugu Rangers,2,0,Home Win
2021-22,Abia Warriors,Enyimba,2,1,Home Win
2021-22,Abia Warriors,Gombe United,3,2,Home Win
2021-22,Abia Warriors,Heartland,1,0,Home Win
2021-22,Abia Warriors,Kano Pillars,3,2,Home Win
2021-22,Abia Warriors,Katsina United,2,2,Draw
2021-22,Abia Warriors,Kwara United,1,1,Draw
2021-22,Abia Warriors,Lobi Stars,3,0,Home Win
2021-22,Abia Warriors,MFM,2,1,Home Win
2021-22,Abia Warriors,Nasarawa United,1,1,Draw
2021-22,Abia Warriors,Niger Tornadoes,1,1,Draw
2021-22,Abia Warriors,Plateau United,2,0,Home Win
2021-22,Abia Warriors,Remo Stars,2,0,Home Win
2021-22,Abia Warriors,Rivers United,1,1,Draw
2021-22,Abia Warriors,Shooting Stars,2,1,Home Win
2021-22,Abia Warriors,Sunshine Stars,1,0,Home Win
2021-22,Abia Warriors,Wikki Tourists,3,0,Home Win
2021-22,Akwa United,Abia Warriors,2,2,Draw
2021-22,Akwa United,Dakkada,3,2,Home Win
2021-22,Akwa United,Enugu Rangers,0,3,Away Win
2021-22,Akwa United,Enyimba,1,1,Draw
2021-22,Akwa United,Gombe United,1,0,Home Win
2021-22,Akwa United,Heartland,0,0,Draw
2021-22,Akwa United,Kano Pillars,3,0,Home Win
2021-22,Akwa United,Katsina United,2,0,Home Win
2021-22,Akwa United,Kwara United,1,1,Draw
2021-22,Akwa United,Lobi Stars,1,0,Home Win
2021-22,Akwa United,MFM,0,0,Draw
2021-22,Akwa United,Nasarawa United,6,1,Home Win
2021-22,Akwa United,Niger Tornadoes,1,0,Home Win
2021-22,Akwa United,Plateau United,2,1,Home Win
2021-22,Akwa United,Remo Stars,1,0,Home Win
2021-22,Akwa United,Rivers United,1,1,Draw
2021-22,Akwa United,Shooting Stars,2,1,Home Win
2021-22,Akwa United,Sunshine Stars,0,0,Draw
2021-22,Akwa United,Wikki Tourists,2,0,Home Win
2021-22,Dakkada,Abia Warriors,2,1,Home Win
2021-22,Dakkada,Akwa United,3,1,Home Win
2021-22,Dakkada,Enugu Rangers,0,0,Draw
2021-22,Dakkada,Enyimba,2,0,Home Win
2021-22,Dakkada,Gombe United,0,1,Away Win
2021-22,Dakkada,Heartland,2,1,Home Win
2021-22,Dakkada,Kano Pillars,1,0,Home Win
2021-22,Dakkada,Katsina United,2,0,Home Win
2021-22,Dakkada,Kwara United,2,0,Home Win
2021-22,Dakkada,Lobi Stars,2,1,Home Win
2021-22,Dakkada,MFM,2,0,Home Win
2021-22,Dakkada,Nasarawa United,2,1,Home Win
2021-22,Dakkada,Niger Tornadoes,2,1,Home Win
2021-22,Dakkada,Plateau United,1,0,Home Win
2021-22,Dakkada,Remo Stars,1,1,Draw
2021-22,Dakkada,Rivers United,2,3,Away Win
2021-22,Dakkada,Shooting Stars,2,0,Home Win
2021-22,Dakkada,Sunshine Stars,3,0,Home Win
2021-22,Dakkada,Wikki Tourists,0,1,Away Win
2021-22,Enugu Rangers,Abia Warriors,2,1,Home Win
2021-22,Enugu Rangers,Akwa United,2,0,Home Win
2021-22,Enugu Rangers,Dakkada,1,0,Home Win
2021-22,Enugu Rangers,Enyimba,0,1,Away Win
2021-22,Enugu Rangers,Gombe United,1,0,Home Win
2021-22,Enugu Rangers,Heartland,3,1,Home Win
2021-22,Enugu Rangers,Kano Pillars,0,0,Draw
2021-22,Enugu Rangers,Katsina United,1,0,Home Win
2021-22,Enugu Rangers,Kwara United,3,0,Home Win
2021-22,Enugu Rangers,Lobi Stars,5,3,Home Win
2021-22,Enugu Rangers,MFM,2,0,Home Win
2021-22,Enugu Rangers,Nasarawa United,1,0,Home Win
2021-22,Enugu Rangers,Niger Tornadoes,4,0,Home Win
2021-22,Enugu Rangers,Plateau United,0,1,Away Win
2021-22,Enugu Rangers,Remo Stars,0,0,Draw
2021-22,Enugu Rangers,Rivers United,0,0,Draw
2021-22,Enugu Rangers,Shooting Stars,2,2,Draw
2021-22,Enugu Rangers,Sunshine Stars,0,0,Draw
2021-22,Enugu Rangers,Wikki Tourists,2,1,Home Win
2021-22,Enyimba,Abia Warriors,2,1,Home Win
2021-22,Enyimba,Akwa United,1,0,Home Win
2021-22,Enyimba,Dakkada,0,2,Away Win
2021-22,Enyimba,Enugu Rangers,2,1,Home Win
2021-22,Enyimba,Gombe United,3,0,Home Win
2021-22,Enyimba,Heartland,0,0,Draw
2021-22,Enyimba,Kano Pillars,4,0,Home Win
2021-22,Enyimba,Katsina United,2,1,Home Win
2021-22,Enyimba,Kwara United,3,0,Home Win
2021-22,Enyimba,Lobi Stars,2,1,Home Win
2021-22,Enyimba,MFM,1,1,Draw
2021-22,Enyimba,Nasarawa United,3,2,Home Win
2021-22,Enyimba,Niger Tornadoes,1,1,Draw
2021-22,Enyimba,Plateau United,1,1,Draw
2021-22,Enyimba,Remo Stars,2,1,Home Win
2021-22,Enyimba,Rivers United,0,1,Away Win
2021-22,Enyimba,Shooting Stars,1,0,Home Win
2021-22,Enyimba,Sunshine Stars,2,0,Home Win
2021-22,Enyimba,Wikki Tourists,2,0,Home Win
2021-22,Gombe United,Abia Warriors,1,0,Home Win
2021-22,Gombe United,Akwa United,1,1,Draw
2021-22,Gombe United,Dakkada,2,2,Draw
2021-22,Gombe United,Enugu Rangers,1,0,Home Win
2021-22,Gombe United,Enyimba,0,0,Draw
2021-22,Gombe United,Heartland,3,2,Home Win
2021-22,Gombe United,Kano Pillars,1,0,Home Win
2021-22,Gombe United,Katsina United,1,0,Home Win
2021-22,Gombe United,Kwara United,4,2,Home Win
2021-22,Gombe United,Lobi Stars,3,0,Home Win
2021-22,Gombe United,MFM,3,0,Home Win
2021-22,Gombe United,Nasarawa United,3,1,Home Win
2021-22,Gombe United,Niger Tornadoes,1,0,Home Win
2021-22,Gombe United,Plateau United,1,1,Draw
2021-22,Gombe United,Remo Stars,1,0,Home Win
2021-22,Gombe United,Rivers United,0,0,Draw
2021-22,Gombe United,Shooting Stars,0,0,Draw
2021-22,Gombe United,Sunshine Stars,1,0,Home Win
2021-22,Gombe United,Wikki Tourists,2,1,Home Win
2021-22,Heartland,Abia Warriors,2,1,Home Win
2021-22,Heartland,Akwa United,1,0,Home Win
2021-22,Heartland,Dakkada,1,0,Home Win
2021-22,Heartland,Enugu Rangers,0,3,Away Win
2021-22,Heartland,Enyimba,1,0,Home Win
2021-22,Heartland,Gombe United,1,1,Draw
2021-22,Heartland,Kano Pillars,0,1,Away Win
2021-22,Heartland,Katsina United,1,0,Home Win
2021-22,Heartland,Kwara United,1,0,Home Win
2021-22,Heartland,Lobi Stars,1,0,Home Win
2021-22,Heartland,MFM,0,0,Draw
2021-22,Heartland,Nasarawa United,3,3,Draw
2021-22,Heartland,Niger Tornadoes,1,0,Home Win
2021-22,Heartland,Plateau United,1,0,Home Win
2021-22,Heartland,Remo Stars,0,0,Draw
2021-22,Heartland,Rivers United,2,0,Home Win
2021-22,Heartland,Shooting Stars,3,1,Home Win
2021-22,Heartland,Sunshine Stars,1,0,Home Win
2021-22,Heartland,Wikki Tourists,1,0,Home Win
2021-22,Kano Pillars,Abia Warriors,2,1,Home Win
2021-22,Kano Pillars,Akwa United,0,0,Draw
2021-22,Kano Pillars,Dakkada,1,0,Home Win
2021-22,Kano Pillars,Enugu Rangers,1,0,Home Win
2021-22,Kano Pillars,Enyimba,2,0,Home Win
2021-22,Kano Pillars,Gombe United,3,1,Home Win
2021-22,Kano Pillars,Heartland,3,1,Home Win
2021-22,Kano Pillars,Katsina United,1,0,Home Win
2021-22,Kano Pillars,Kwara United,2,1,Home Win
2021-22,Kano Pillars,Lobi Stars,0,0,Draw
2021-22,Kano Pillars,MFM,1,0,Home Win
2021-22,Kano Pillars,Nasarawa United,2,0,Home Win
2021-22,Kano Pillars,Niger Tornadoes,1,0,Home Win
2021-22,Kano Pillars,Plateau United,0,1,Away Win
2021-22,Kano Pillars,Remo Stars,0,0,Draw
2021-22,Kano Pillars,Rivers United,0,1,Away Win
2021-22,Kano Pillars,Shooting Stars,2,1,Home Win
2021-22,Kano Pillars,Sunshine Stars,1,0,Home Win
2021-22,Kano Pillars,Wikki Tourists,1,1,Draw
2021-22,Katsina United,Abia Warriors,2,1,Home Win
2021-22,Katsina United,Akwa United,1,0,Home Win
2021-22,Katsina United,Dakkada,4,1,Home Win
2021-22,Katsina United,Enugu Rangers,1,2,Away Win
2021-22,Katsina United,Enyimba,1,0,Home Win
2021-22,Katsina United,Gombe United,2,1,Home Win
2021-22,Katsina United,Heartland,1,1,Draw
2021-22,Katsina United,Kano Pillars,1,0,Home Win
2021-22,Katsina United,Kwara United,1,0,Home Win
2021-22,Katsina United,Lobi Stars,0,0,Draw
2021-22,Katsina United,MFM,2,1,Home Win
2021-22,Katsina United,Nasarawa United,1,0,Home Win
2021-22,Katsina United,Niger Tornadoes,2,0,Home Win
2021-22,Katsina United,Plateau United,2,0,Home Win
2021-22,Katsina United,Remo Stars,3,2,Home Win
2021-22,Katsina United,Rivers United,0,1,Away Win
2021-22,Katsina United,Shooting Stars,3,1,Home Win
2021-22,Katsina United,Sunshine Stars,1,0,Home Win
2021-22,Katsina United,Wikki Tourists,1,0,Home Win
2021-22,Kwara United,Abia Warriors,1,1,Draw
2021-22,Kwara United,Akwa United,1,0,Home Win
2021-22,Kwara United,Dakkada,3,0,Home Win
2021-22,Kwara United,Enugu Rangers,1,1,Draw
2021-22,Kwara United,Enyimba,1,0,Home Win
2021-22,Kwara United,Gombe United,2,0,Home Win
2021-22,Kwara United,Heartland,2,1,Home Win
2021-22,Kwara United,Kano Pillars,1,0,Home Win
2021-22,Kwara United,Katsina United,2,0,Home Win
2021-22,Kwara United,Lobi Stars,1,0,Home Win
2021-22,Kwara United,MFM,3,0,Home Win
2021-22,Kwara United,Nasarawa United,3,0,Home Win
2021-22,Kwara United,Niger Tornadoes,1,0,Home Win
2021-22,Kwara United,Plateau United,1,1,Draw
2021-22,Kwara United,Remo Stars,2,1,Home Win
2021-22,Kwara United,Rivers United,2,1,Home Win
2021-22,Kwara United,Shooting Stars,3,1,Home Win
2021-22,Kwara United,Sunshine Stars,1,0,Home Win
2021-22,Kwara United,Wikki Tourists,1,0,Home Win
2021-22,Lobi Stars,Abia Warriors,1,2,Away Win
2021-22,Lobi Stars,Akwa United,1,0,Home Win
2021-22,Lobi Stars,Dakkada,1,0,Home Win
2021-22,Lobi Stars,Enugu Rangers,2,0,Home Win
2021-22,Lobi Stars,Enyimba,1,0,Home Win
2021-22,Lobi Stars,Gombe United,2,1,Home Win
2021-22,Lobi Stars,Heartland,2,1,Home Win
2021-22,Lobi Stars,Kano Pillars,0,0,Draw
2021-22,Lobi Stars,Katsina United,2,1,Home Win
2021-22,Lobi Stars,Kwara United,3,1,Home Win
2021-22,Lobi Stars,MFM,2,1,Home Win
2021-22,Lobi Stars,Nasarawa United,2,1,Home Win
2021-22,Lobi Stars,Niger Tornadoes,1,1,Draw
2021-22,Lobi Stars,Plateau United,0,2,Away Win
2021-22,Lobi Stars,Remo Stars,1,0,Home Win
2021-22,Lobi Stars,Rivers United,1,1,Draw
2021-22,Lobi Stars,Shooting Stars,2,1,Home Win
2021-22,Lobi Stars,Sunshine Stars,0,0,Draw
2021-22,Lobi Stars,Wikki Tourists,3,2,Home Win
2021-22,MFM,Abia Warriors,2,1,Home Win
2021-22,MFM,Akwa United,0,0,Draw
2021-22,MFM,Dakkada,2,0,Home Win
2021-22,MFM,Enugu Rangers,0,0,Draw
2021-22,MFM,Enyimba,2,1,Home Win
2021-22,MFM,Gombe United,3,1,Home Win
2021-22,MFM,Heartland,1,0,Home Win
2021-22,MFM,Kano Pillars,2,1,Home Win
2021-22,MFM,Katsina United,1,0,Home Win
2021-22,MFM,Kwara United,1,2,Away Win
2021-22,MFM,Lobi Stars,0,0,Draw
2021-22,MFM,Nasarawa United,0,1,Away Win
2021-22,MFM,Niger Tornadoes,1,2,Away Win
2021-22,MFM,Plateau United,1,0,Home Win
2021-22,MFM,Remo Stars,0,2,Away Win
2021-22,MFM,Rivers United,1,3,Away Win
2021-22,MFM,Shooting Stars,0,1,Away Win
2021-22,MFM,Sunshine Stars,1,0,Home Win
2021-22,MFM,Wikki Tourists,0,2,Away Win
2021-22,Nasarawa United,Abia Warriors,2,1,Home Win
2021-22,Nasarawa United,Akwa United,2,0,Home Win
2021-22,Nasarawa United,Dakkada,1,0,Home Win
2021-22,Nasarawa United,Enugu Rangers,1,0,Home Win
2021-22,Nasarawa United,Enyimba,2,1,Home Win
2021-22,Nasarawa United,Gombe United,1,1,Draw
2021-22,Nasarawa United,Heartland,2,0,Home Win
2021-22,Nasarawa United,Kano Pillars,1,0,Home Win
2021-22,Nasarawa United,Katsina United,1,0,Home Win
2021-22,Nasarawa United,Kwara United,1,1,Draw
2021-22,Nasarawa United,Lobi Stars,2,1,Home Win
2021-22,Nasarawa United,MFM,1,1,Draw
2021-22,Nasarawa United,Niger Tornadoes,1,0,Home Win
2021-22,Nasarawa United,Plateau United,2,1,Home Win
2021-22,Nasarawa United,Remo Stars,1,1,Draw
2021-22,Nasarawa United,Rivers United,2,1,Home Win
2021-22,Nasarawa United,Shooting Stars,2,0,Home Win
2021-22,Nasarawa United,Sunshine Stars,1,1,Draw
2021-22,Nasarawa United,Wikki Tourists,1,0,Home Win
2021-22,Niger Tornadoes,Abia Warriors,1,1,Draw
2021-22,Niger Tornadoes,Akwa United,0,1,Away Win
2021-22,Niger Tornadoes,Dakkada,1,0,Home Win
2021-22,Niger Tornadoes,Enugu Rangers,2,1,Home Win
2021-22,Niger Tornadoes,Enyimba,2,1,Home Win
2021-22,Niger Tornadoes,Gombe United,1,0,Home Win
2021-22,Niger Tornadoes,Heartland,2,1,Home Win
2021-22,Niger Tornadoes,Kano Pillars,2,1,Home Win
2021-22,Niger Tornadoes,Katsina United,2,1,Home Win
2021-22,Niger Tornadoes,Kwara United,4,0,Home Win
2021-22,Niger Tornadoes,Lobi Stars,0,1,Away Win
2021-22,Niger Tornadoes,MFM,1,1,Draw
2021-22,Niger Tornadoes,Nasarawa United,1,0,Home Win
2021-22,Niger Tornadoes,Plateau United,1,0,Home Win
2021-22,Niger Tornadoes,Remo Stars,1,0,Home Win
2021-22,Niger Tornadoes,Rivers United,0,0,Draw
2021-22,Niger Tornadoes,Shooting Stars,2,0,Home Win
2021-22,Niger Tornadoes,Sunshine Stars,1,0,Home Win
2021-22,Niger Tornadoes,Wikki Tourists,1,0,Home Win
2021-22,Plateau United,Abia Warriors,1,0,Home Win
2021-22,Plateau United,Akwa United,3,0,Home Win
2021-22,Plateau United,Dakkada,5,0,Home Win
2021-22,Plateau United,Enugu Rangers,4,0,Home Win
2021-22,Plateau United,Enyimba,1,0,Home Win
2021-22,Plateau United,Gombe United,1,1,Draw
2021-22,Plateau United,Heartland,3,0,Home Win
2021-22,Plateau United,Kano Pillars,1,0,Home Win
2021-22,Plateau United,Katsina United,1,0,Home Win
2021-22,Plateau United,Kwara United,1,0,Home Win
2021-22,Plateau United,Lobi Stars,2,1,Home Win
2021-22,Plateau United,MFM,2,0,Home Win
2021-22,Plateau United,Nasarawa United,3,2,Home Win
2021-22,Plateau United,Niger Tornadoes,1,0,Home Win
2021-22,Plateau United,Remo Stars,1,0,Home Win
2021-22,Plateau United,Rivers United,1,0,Home Win
2021-22,Plateau United,Shooting Stars,3,1,Home Win
2021-22,Plateau United,Sunshine Stars,2,0,Home Win
2021-22,Plateau United,Wikki Tourists,3,1,Home Win
2021-22,Remo Stars,Abia Warriors,1,0,Home Win
2021-22,Remo Stars,Akwa United,0,1,Away Win
2021-22,Remo Stars,Dakkada,4,1,Home Win
2021-22,Remo Stars,Enugu Rangers,1,0,Home Win
2021-22,Remo Stars,Enyimba,1,0,Home Win
2021-22,Remo Stars,Gombe United,1,0,Home Win
2021-22,Remo Stars,Heartland,3,0,Home Win
2021-22,Remo Stars,Kano Pillars,1,3,Away Win
2021-22,Remo Stars,Katsina United,2,0,Home Win
2021-22,Remo Stars,Kwara United,3,0,Home Win
2021-22,Remo Stars,Lobi Stars,3,1,Home Win
2021-22,Remo Stars,MFM,1,0,Home Win
2021-22,Remo Stars,Nasarawa United,0,0,Draw
2021-22,Remo Stars,Niger Tornadoes,3,0,Home Win
2021-22,Remo Stars,Plateau United,1,0,Home Win
2021-22,Remo Stars,Rivers United,1,1,Draw
2021-22,Remo Stars,Shooting Stars,1,0,Home Win
2021-22,Remo Stars,Sunshine Stars,3,0,Home Win
2021-22,Remo Stars,Wikki Tourists,1,0,Home Win
2021-22,Rivers United,Abia Warriors,2,1,Home Win
2021-22,Rivers United,Akwa United,4,1,Home Win
2021-22,Rivers United,Dakkada,2,1,Home Win
2021-22,Rivers United,Enugu Rangers,1,0,Home Win
2021-22,Rivers United,Enyimba,2,0,Home Win
2021-22,Rivers United,Gombe United,1,0,Home Win
2021-22,Rivers United,Heartland,3,1,Home Win
2021-22,Rivers United,Kano Pillars,1,0,Home Win
2021-22,Rivers United,Katsina United,3,0,Home Win
2021-22,Rivers United,Kwara United,3,0,Home Win
2021-22,Rivers United,Lobi Stars,1,0,Home Win
2021-22,Rivers United,MFM,5,0,Home Win
2021-22,Rivers United,Nasarawa United,2,1,Home Win
2021-22,Rivers United,Niger Tornadoes,3,0,Home Win
2021-22,Rivers United,Plateau United,2,0,Home Win
2021-22,Rivers United,Remo Stars,1,0,Home Win
2021-22,Rivers United,Shooting Stars,2,0,Home Win
2021-22,Rivers United,Sunshine Stars,0,0,Draw
2021-22,Rivers United,Wikki Tourists,3,0,Home Win
2021-22,Shooting Stars,Abia Warriors,2,2,Draw
2021-22,Shooting Stars,Akwa United,1,1,Draw
2021-22,Shooting Stars,Dakkada,1,0,Home Win
2021-22,Shooting Stars,Enugu Rangers,1,1,Draw
2021-22,Shooting Stars,Enyimba,2,0,Home Win
2021-22,Shooting Stars,Gombe United,0,0,Draw
2021-22,Shooting Stars,Heartland,4,0,Home Win
2021-22,Shooting Stars,Kano Pillars,1,0,Home Win
2021-22,Shooting Stars,Katsina United,1,0,Home Win
2021-22,Shooting Stars,Kwara United,2,1,Home Win
2021-22,Shooting Stars,Lobi Stars,3,0,Home Win
2021-22,Shooting Stars,MFM,1,1,Draw
2021-22,Shooting Stars,Nasarawa United,1,0,Home Win
2021-22,Shooting Stars,Niger Tornadoes,1,0,Home Win
2021-22,Shooting Stars,Plateau United,2,1,Home Win
2021-22,Shooting Stars,Remo Stars,1,1,Draw
2021-22,Shooting Stars,Rivers United,3,2,Home Win
2021-22,Shooting Stars,Sunshine Stars,2,2,Draw
2021-22,Shooting Stars,Wikki Tourists,0,0,Draw
2021-22,Sunshine Stars,Abia Warriors,1,0,Home Win
2021-22,Sunshine Stars,Akwa United,0,0,Draw
2021-22,Sunshine Stars,Dakkada,2,1,Home Win
2021-22,Sunshine Stars,Enugu Rangers,0,0,Draw
2021-22,Sunshine Stars,Enyimba,0,1,Away Win
2021-22,Sunshine Stars,Gombe United,2,0,Home Win
2021-22,Sunshine Stars,Heartland,3,1,Home Win
2021-22,Sunshine Stars,Kano Pillars,3,0,Home Win
2021-22,Sunshine Stars,Katsina United,2,0,Home Win
2021-22,Sunshine Stars,Kwara United,1,0,Home Win
2021-22,Sunshine Stars,Lobi Stars,3,0,Home Win
2021-22,Sunshine Stars,MFM,2,1,Home Win
2021-22,Sunshine Stars,Nasarawa United,2,1,Home Win
2021-22,Sunshine Stars,Niger Tornadoes,2,1,Home Win
2021-22,Sunshine Stars,Plateau United,1,0,Home Win
2021-22,Sunshine Stars,Remo Stars,0,1,Away Win
2021-22,Sunshine Stars,Rivers United,1,0,Home Win
2021-22,Sunshine Stars,Shooting Stars,0,0,Draw
2021-22,Sunshine Stars,Wikki Tourists,2,1,Home Win
2021-22,Wikki Tourists,Abia Warriors,1,0,Home Win
2021-22,Wikki Tourists,Akwa United,2,0,Home Win
2021-22,Wikki Tourists,Dakkada,2,0,Home Win
2021-22,Wikki Tourists,Enugu Rangers,0,0,Draw
2021-22,Wikki Tourists,Enyimba,0,0,Draw
2021-22,Wikki Tourists,Gombe United,1,0,Home Win
2021-22,Wikki Tourists,Heartland,0,0,Draw
2021-22,Wikki Tourists,Kano Pillars,2,1,Home Win
2021-22,Wikki Tourists,Katsina United,2,0,Home Win
2021-22,Wikki Tourists,Kwara United,1,1,Draw
2021-22,Wikki Tourists,Lobi Stars,1,0,Home Win
2021-22,Wikki Tourists,MFM,3,0,Home Win
2021-22,Wikki Tourists,Nasarawa United,2,0,Home Win
2021-22,Wikki Tourists,Niger Tornadoes,1,0,Home Win
2021-22,Wikki Tourists,Plateau United,2,1,Home Win
2021-22,Wikki Tourists,Remo Stars,1,2,Away Win
2021-22,Wikki Tourists,Rivers United,1,0,Home Win
2021-22,Wikki Tourists,Shooting Stars,1,1,Draw
2021-22,Wikki Tourists,Sunshine Stars,1,0,Home Win
2025-26,Abia Warriors,Barau,2,0,Home Win
2025-26,Abia Warriors,Bendel Insurance,0,0,Draw
2025-26,Abia Warriors,El-Kanemi Warriors,2,0,Home Win
2025-26,Abia Warriors,Enyimba,0,0,Draw
2025-26,Abia Warriors,Kano Pillars,1,0,Home Win
2025-26,Abia Warriors,Katsina United,1,0,Home Win
2025-26,Abia Warriors,Remo Stars,2,0,Home Win
2025-26,Barau,Bendel Insurance,1,1,Draw
2025-26,Barau,Enugu Rangers,2,0,Home Win
2025-26,Barau,Enyimba,0,0,Draw
2025-26,Barau,Kano Pillars,2,1,Home Win
2025-26,Barau,Kwara United,3,2,Home Win
2025-26,Barau,Warri Wolves,0,1,Away Win
2025-26,Barau,Wikki Tourists,0,0,Draw
2025-26,Bayelsa United,Abia Warriors,2,1,Home Win
2025-26,Bayelsa United,Barau,2,0,Home Win
2025-26,Bayelsa United,Enyimba,0,2,Away Win
2025-26,Bayelsa United,Ikorodu City,1,1,Draw
2025-26,Bayelsa United,Katsina United,1,1,Draw
2025-26,Bayelsa United,Kun Khalifat,1,2,Away Win
2025-26,Bayelsa United,Nasarawa United,1,2,Away Win
2025-26,Bayelsa United,Plateau United,2,1,Home Win
2025-26,Bendel Insurance,Bayelsa United,1,1,Draw
2025-26,Bendel Insurance,Kano Pillars,3,2,Home Win
2025-26,Bendel Insurance,Nasarawa United,0,1,Away Win
2025-26,Bendel Insurance,Niger Tornadoes,1,0,Home Win
2025-26,Bendel Insurance,Rivers United,0,0,Draw
2025-26,Bendel Insurance,Shooting Stars,1,1,Draw
2025-26,Bendel Insurance,Warri Wolves,1,1,Draw
2025-26,Bendel Insurance,Wikki Tourists,3,0,Home Win
2025-26,El-Kanemi Warriors,Bendel Insurance,2,0,Home Win
2025-26,El-Kanemi Warriors,Enugu Rangers,0,0,Draw
2025-26,El-Kanemi Warriors,Kano Pillars,2,1,Home Win
2025-26,El-Kanemi Warriors,Kwara United,2,0,Home Win
2025-26,El-Kanemi Warriors,Rivers United,0,0,Draw
2025-26,El-Kanemi Warriors,Warri Wolves,1,0,Home Win
2025-26,El-Kanemi Warriors,Wikki Tourists,2,1,Home Win
2025-26,Enugu Rangers,Abia Warriors,2,0,Home Win
2025-26,Enugu Rangers,Katsina United,1,0,Home Win
2025-26,Enugu Rangers,Kun Khalifat,0,0,Draw
2025-26,Enugu Rangers,Kwara United,0,0,Draw
2025-26,Enugu Rangers,Niger Tornadoes,1,0,Home Win
2025-26,Enugu Rangers,Plateau United,2,0,Home Win
2025-26,Enugu Rangers,Shooting Stars,1,0,Home Win
2025-26,Enyimba,Bendel Insurance,3,2,Home Win
2025-26,Enyimba,Enugu Rangers,2,1,Home Win
2025-26,Enyimba,Kano Pillars,2,0,Home Win
2025-26,Enyimba,Nasarawa United,0,0,Draw
2025-26,Enyimba,Niger Tornadoes,1,0,Home Win
2025-26,Enyimba,Rivers United,0,0,Draw
2025-26,Enyimba,Warri Wolves,1,2,Away Win
2025-26,Enyimba,Wikki Tourists,0,1,Away Win
2025-26,Ikorodu City,Abia Warriors,1,0,Home Win
2025-26,Ikorodu City,Barau,2,0,Home Win
2025-26,Ikorodu City,Bendel Insurance,1,0,Home Win
2025-26,Ikorodu City,El-Kanemi Warriors,0,0,Draw
2025-26,Ikorodu City,Enyimba,1,1,Draw
2025-26,Ikorodu City,Kun Khalifat,2,0,Home Win
2025-26,Ikorodu City,Nasarawa United,2,0,Home Win
2025-26,Ikorodu City,Plateau United,2,1,Home Win
2025-26,Kano Pillars,Bayelsa United,0,0,Draw
2025-26,Kano Pillars,Enugu Rangers,1,0,Home Win
2025-26,Kano Pillars,Ikorodu City,2,1,Home Win
2025-26,Kano Pillars,Kwara United,1,0,Home Win
2025-26,Kano Pillars,Niger Tornadoes,0,2,Away Win
2025-26,Kano Pillars,Shooting Stars,1,1,Draw
2025-26,Kano Pillars,Wikki Tourists,1,1,Draw
2025-26,Katsina United,Barau,1,1,Draw
2025-26,Katsina United,El-Kanemi Warriors,1,0,Home Win
2025-26,Katsina United,Enyimba,3,2,Home Win
2025-26,Katsina United,Kano Pillars,1,0,Home Win
2025-26,Katsina United,Remo Stars,3,1,Home Win
2025-26,Katsina United,Warri Wolves,0,1,Away Win
2025-26,Katsina United,Wikki Tourists,1,0,Home Win
2025-26,Kun Khalifat,Barau,1,3,Away Win
2025-26,Kun Khalifat,Bendel Insurance,1,1,Draw
2025-26,Kun Khalifat,El-Kanemi Warriors,3,1,Home Win
2025-26,Kun Khalifat,Enyimba,1,0,Home Win
2025-26,Kun Khalifat,Nasarawa United,1,1,Draw
2025-26,Kun Khalifat,Plateau United,2,0,Home Win
2025-26,Kun Khalifat,Remo Stars,1,2,Away Win
2025-26,Kun Khalifat,Rivers United,0,1,Away Win
2025-26,Kwara United,Abia Warriors,0,1,Away Win
2025-26,Kwara United,Ikorodu City,0,0,Draw
2025-26,Kwara United,Katsina United,1,0,Home Win
2025-26,Kwara United,Kun Khalifat,2,0,Home Win
2025-26,Kwara United,Plateau United,2,1,Home Win
2025-26,Kwara United,Remo Stars,3,1,Home Win
2025-26,Kwara United,Shooting Stars,0,0,Draw
2025-26,Nasarawa United,Abia Warriors,1,0,Home Win
2025-26,Nasarawa United,El-Kanemi Warriors,3,0,Home Win
2025-26,Nasarawa United,Enugu Rangers,2,1,Home Win
2025-26,Nasarawa United,Katsina United,2,0,Home Win
2025-26,Nasarawa United,Kwara United,1,1,Draw
2025-26,Nasarawa United,Remo Stars,2,1,Home Win
2025-26,Nasarawa United,Wikki Tourists,1,0,Home Win
2025-26,Niger Tornadoes,Abia Warriors,1,2,Away Win
2025-26,Niger Tornadoes,Bayelsa United,1,0,Home Win
2025-26,Niger Tornadoes,Ikorodu City,4,2,Home Win
2025-26,Niger Tornadoes,Katsina United,2,0,Home Win
2025-26,Niger Tornadoes,Kun Khalifat,1,1,Draw
2025-26,Niger Tornadoes,Nasarawa United,1,0,Home Win
2025-26,Niger Tornadoes,Plateau United,4,0,Home Win
2025-26,Niger Tornadoes,Remo Stars,1,0,Home Win
2025-26,Plateau United,Barau,2,0,Home Win
2025-26,Plateau United,Bendel Insurance,1,0,Home Win
2025-26,Plateau United,El-Kanemi Warriors,1,0,Home Win
2025-26,Plateau United,Enyimba,2,1,Home Win
2025-26,Plateau United,Katsina United,1,2,Away Win
2025-26,Plateau United,Remo Stars,2,0,Home Win
2025-26,Remo Stars,Barau,2,0,Home Win
2025-26,Remo Stars,El-Kanemi Warriors,2,1,Home Win
2025-26,Remo Stars,Enugu Rangers,0,1,Away Win
2025-26,Remo Stars,Kano Pillars,1,0,Home Win
2025-26,Remo Stars,Rivers United,1,1,Draw
2025-26,Remo Stars,Warri Wolves,1,0,Home Win
2025-26,Remo Stars,Wikki Tourists,2,0,Home Win
2025-26,Rivers United,Bayelsa United,1,2,Away Win
2025-26,Rivers United,Ikorodu City,0,0,Draw
2025-26,Rivers United,Kwara United,1,0,Home Win
2025-26,Rivers United,Nasarawa United,1,0,Home Win
2025-26,Rivers United,Niger Tornadoes,1,0,Home Win
2025-26,Rivers United,Shooting Stars,1,0,Home Win
2025-26,Rivers United,Warri Wolves,2,1,Home Win
2025-26,Shooting Stars,Abia Warriors,2,0,Home Win
2025-26,Shooting Stars,Bayelsa United,0,1,Away Win
2025-26,Shooting Stars,El-Kanemi Warriors,1,0,Home Win
2025-26,Shooting Stars,Ikorodu City,1,1,Draw
2025-26,Shooting Stars,Katsina United,1,1,Draw
2025-26,Shooting Stars,Kun Khalifat,2,1,Home Win
2025-26,Shooting Stars,Plateau United,1,0,Home Win
2025-26,Warri Wolves,Bayelsa United,2,0,Home Win
2025-26,Warri Wolves,Enugu Rangers,2,0,Home Win
2025-26,Warri Wolves,Ikorodu City,0,2,Away Win
2025-26,Warri Wolves,Kun Khalifat,1,1,Draw
2025-26,Warri Wolves,Kwara United,0,0,Draw
2025-26,Warri Wolves,Nasarawa United,1,0,Home Win
2025-26,Warri Wolves,Niger Tornadoes,1,1,Draw
2025-26,Warri Wolves,Shooting Stars,1,2,Away Win
2025-26,Wikki Tourists,Abia Warriors,1,0,Home Win
2025-26,Wikki Tourists,Bayelsa United,1,1,Draw
2025-26,Wikki Tourists,Enugu Rangers,2,2,Draw
2025-26,Wikki Tourists,Kwara United,1,1,Draw
2025-26,Wikki Tourists,Niger Tornadoes,1,0,Home Win
2025-26,Wikki Tourists,Plateau United,1,0,Home Win
2025-26,Wikki Tourists,Shooting Stars,2,0,Home Win
